{
  "balanced_accuracy_validation": 0.5799051263653033,
  "auc_validation": 0.5462010683249622,
  "precision_recall_f1": {
    "BULL_W1": {
      "precision": 0.7119341563786008,
      "recall": 0.7792792792792793,
      "f1": 0.7440860215053763
    },
    "BEAR_W2": {
      "precision": 0.4673913043478261,
      "recall": 0.3805309734513274,
      "f1": 0.4195121951219512
    }
  },
  "score_final_definition": "balanced_accuracy_validacao - lambda_switch_penalty * switch_rate_validacao",
  "score_final_best": 0.5799051263653033,
  "best_threshold_config": {
    "p_bull_enter": 0.55,
    "p_bull_exit_delta": 0.01,
    "p_bear_enter": 0.45,
    "p_bear_exit_delta": 0.01,
    "min_days": 3,
    "lambda_switch_penalty": 0.0,
    "balanced_accuracy_validation": 0.5799051263653033,
    "switches_validation": 29,
    "switch_rate_validation": 0.08682634730538923,
    "score_final": 0.5799051263653033
  }
}